question,answer,retrieved_sources
technology news and innovation,"На вопрос 'technology news and innovation' ответ основан на следующей информации:

[Источник 15]: Singapore: This Asian hub is becoming a regional center for technology innovation, attracting talent a...","15,16"
government policy regulation,"На вопрос 'government policy regulation' ответ основан на следующей информации:

[Источник 8]: l last week, the government said Thursday, indicating the economy is improving from a midsummer slump.

[...","8,12"
manufacturing and automation,"На вопрос 'manufacturing and automation' ответ основан на следующей информации:

[Источник 16]: Mexico: Latin American nations are developing tech ecosystems with government support for startups focus...","16,15"
software and IT services,"На вопрос 'software and IT services' ответ основан на следующей информации:

[Источник 16]: Mexico: Latin American nations are developing tech ecosystems with government support for startups focused o...","16,15"
data protection compliance,"На вопрос 'data protection compliance' ответ основан на следующей информации:

[Источник 14]: Russia: Russian technology sector faces international sanctions, but continues research in cryptography an...","14,4"
